date,tag,count,total_papers
2026-03-08,academia,1,113
2026-03-08,addiction,1,113
2026-03-08,aerosol physics,1,113
2026-03-08,aging,1,113
2026-03-08,ai,41,113
2026-03-08,allergies,1,113
2026-03-08,allogeneic therapies,1,113
2026-03-08,alzheimer's disease,2,113
2026-03-08,antibody responses,1,113
2026-03-08,artificial intelligence,8,113
2026-03-08,astronomy,1,113
2026-03-08,astrophysics,1,113
2026-03-08,atmospheric science,2,113
2026-03-08,batteries,1,113
2026-03-08,behavioral biology,1,113
2026-03-08,biochemistry,1,113
2026-03-08,biological modeling,1,113
2026-03-08,biology,1,113
2026-03-08,biomedical engineering,2,113
2026-03-08,books,1,113
2026-03-08,brain cells,1,113
2026-03-08,breast cancer,1,113
2026-03-08,calcium channels,1,113
2026-03-08,cancer biology,3,113
2026-03-08,cancer research,1,113
2026-03-08,car t cells,1,113
2026-03-08,cardiology,1,113
2026-03-08,cardiovascular medicine,3,113
2026-03-08,cell biology,4,113
2026-03-08,cell engineering,1,113
2026-03-08,chemistry,2,113
2026-03-08,circadian rhythms,1,113
2026-03-08,climate change,5,113
2026-03-08,climate science,2,113
2026-03-08,cluster:artificial intelligence & machine learning,2,113
2026-03-08,cluster:cardiovascular medicine & stroke prevention,7,113
2026-03-08,cluster:climate change & ecology,11,113
2026-03-08,cluster:ethics & history of science,20,113
2026-03-08,cluster:genomics & virology,30,113
2026-03-08,cluster:immunology & cell biology,27,113
2026-03-08,cluster:materials science & chemistry,7,113
2026-03-08,cluster:nanotechnology & electronics,5,113
2026-03-08,cluster:neuroscience & psychology,2,113
2026-03-08,cluster:paleontology & fossil record,2,113
2026-03-08,coastal engineering,1,113
2026-03-08,conservation biology,2,113
2026-03-08,cortical development,1,113
2026-03-08,crime analysis,1,113
2026-03-08,crispr,1,113
2026-03-08,cryo-electron microscopy,1,113
2026-03-08,crystallography,1,113
2026-03-08,data analysis,1,113
2026-03-08,diagnostics,1,113
2026-03-08,diamond synthesis,1,113
2026-03-08,dna analysis,1,113
2026-03-08,ecology,3,113
2026-03-08,education,1,113
2026-03-08,electric vehicles,1,113
2026-03-08,electronics,1,113
2026-03-08,enzymology,1,113
2026-03-08,epidemiology,1,113
2026-03-08,epigenetics,1,113
2026-03-08,epitranscriptomics,1,113
2026-03-08,ethics,3,113
2026-03-08,evolution,1,113
2026-03-08,evolutionary biology,4,113
2026-03-08,exoplanetary science,1,113
2026-03-08,fibrosis,1,113
2026-03-08,fluorescent reporters,1,113
2026-03-08,food systems,1,113
2026-03-08,forecasting,1,113
2026-03-08,forensic science,2,113
2026-03-08,fossil record,2,113
2026-03-08,foundation model,2,113
2026-03-08,funding,1,113
2026-03-08,galileo,1,113
2026-03-08,gender bias,1,113
2026-03-08,gender studies,1,113
2026-03-08,gene expression,1,113
2026-03-08,genetic engineering,1,113
2026-03-08,genetics,3,113
2026-03-08,genomics,5,113
2026-03-08,geopolitics,1,113
2026-03-08,global cooperation,1,113
2026-03-08,global warming,1,113
2026-03-08,governance,1,113
2026-03-08,history of science,2,113
2026-03-08,hopfield network,1,113
2026-03-08,hormone therapy,1,113
2026-03-08,hydrogel,1,113
2026-03-08,hydrology,1,113
2026-03-08,hypothalamic paraventricular nucleus,1,113
2026-03-08,identical twins,1,113
2026-03-08,immunology,6,113
2026-03-08,immunotherapy,1,113
2026-03-08,infertility treatment,1,113
2026-03-08,insect biology,1,113
2026-03-08,ion channels,1,113
2026-03-08,iran,1,113
2026-03-08,liquid biopsies,1,113
2026-03-08,liver disease,1,113
2026-03-08,m6a modification,1,113
2026-03-08,machine learning,6,113
2026-03-08,magnetic fluids,1,113
2026-03-08,magnetic materials,1,113
2026-03-08,materials science,3,113
2026-03-08,mathematics,1,113
2026-03-08,mechanotransduction,1,113
2026-03-08,medical imaging,1,113
2026-03-08,medical testing,1,113
2026-03-08,medications,1,113
2026-03-08,menopause,1,113
2026-03-08,mentorship,1,113
2026-03-08,metabolism,2,113
2026-03-08,metabolomics,1,113
2026-03-08,metastasis,1,113
2026-03-08,meteorology,2,113
2026-03-08,mexico,2,113
2026-03-08,microbiology,2,113
2026-03-08,molecular biology,2,113
2026-03-08,mouse models,1,113
2026-03-08,mrna delivery,1,113
2026-03-08,mtor,1,113
2026-03-08,nanotechnology,2,113
2026-03-08,neural networks,1,113
2026-03-08,neural reprogramming,1,113
2026-03-08,neurodegenerative disease,1,113
2026-03-08,neurogenesis,1,113
2026-03-08,neuroregeneration,1,113
2026-03-08,neuroscience,2,113
2026-03-08,nutrition,2,113
2026-03-08,obesity,1,113
2026-03-08,optogenetics,1,113
2026-03-08,organ transplantation,1,113
2026-03-08,organoid,2,113
2026-03-08,organoids,2,113
2026-03-08,paleontology,2,113
2026-03-08,parkinson's disease,1,113
2026-03-08,peanuts,1,113
2026-03-08,photonic ising machine,1,113
2026-03-08,pluripotent stem cells,1,113
2026-03-08,policy,1,113
2026-03-08,protein degradation,1,113
2026-03-08,protein engineering,1,113
2026-03-08,protein structure,1,113
2026-03-08,proteins,1,113
2026-03-08,psychology,1,113
2026-03-08,public safety,1,113
2026-03-08,quantum computing,1,113
2026-03-08,quantum mechanics,1,113
2026-03-08,radiology,1,113
2026-03-08,regulation,1,113
2026-03-08,remote sensing,1,113
2026-03-08,research funding,1,113
2026-03-08,retinal development,1,113
2026-03-08,retinal ganglion cells,1,113
2026-03-08,risk assessment,1,113
2026-03-08,river dynamics,1,113
2026-03-08,rna biology,1,113
2026-03-08,rna-guided transcription,1,113
2026-03-08,rosacea,1,113
2026-03-08,satellite viruses,1,113
2026-03-08,science,1,113
2026-03-08,science careers,1,113
2026-03-08,science communication,2,113
2026-03-08,science images,1,113
2026-03-08,science policy,2,113
2026-03-08,sea level rise,1,113
2026-03-08,sertoli cells,1,113
2026-03-08,signal transduction,1,113
2026-03-08,single-cell analysis,1,113
2026-03-08,single-cell genomics,4,113
2026-03-08,single-molecule biophysics,1,113
2026-03-08,skin biology,1,113
2026-03-08,social interactions,1,113
2026-03-08,soil moisture,1,113
2026-03-08,stellar evolution,1,113
2026-03-08,stem cell biology,1,113
2026-03-08,stem cell therapy,1,113
2026-03-08,stem cells,2,113
2026-03-08,stroke prevention,2,113
2026-03-08,structural biology,1,113
2026-03-08,synthetic biology,2,113
2026-03-08,synthetic peptides,1,113
2026-03-08,targeted therapy,1,113
2026-03-08,telecommunications,1,113
2026-03-08,therapy resistance,1,113
2026-03-08,transcriptional regulation,1,113
2026-03-08,tumor microenvironment,1,113
2026-03-08,twins,1,113
2026-03-08,universities,1,113
2026-03-08,vascular biology,2,113
2026-03-08,viral spread,1,113
2026-03-08,virology,3,113
2026-03-08,warfare,1,113
2026-03-08,water management,1,113
2026-03-08,wnt signaling,1,113
2026-03-08,women in science,2,113
2026-03-08,women's health,1,113
2026-03-08,α-synuclein,1,113
2026-03-09,3d imaging,2,105
2026-03-09,academia,1,105
2026-03-09,addiction,1,105
2026-03-09,adipose tissue,1,105
2026-03-09,aerosol forecasting,1,105
2026-03-09,aging,1,105
2026-03-09,agriculture,1,105
2026-03-09,ai,42,105
2026-03-09,alarmins,1,105
2026-03-09,allergies,1,105
2026-03-09,allogeneic therapies,1,105
2026-03-09,alzheimer's disease,2,105
2026-03-09,amazonia,1,105
2026-03-09,ant biology,2,105
2026-03-09,antibodies,1,105
2026-03-09,artificial intelligence,6,105
2026-03-09,astronomy,2,105
2026-03-09,atmospheric science,2,105
2026-03-09,battery technology,1,105
2026-03-09,behavioral biology,1,105
2026-03-09,big data,1,105
2026-03-09,biological modeling,1,105
2026-03-09,biomedicine,1,105
2026-03-09,book reviews,1,105
2026-03-09,brain cells,1,105
2026-03-09,calcium channels,1,105
2026-03-09,cancer,4,105
2026-03-09,cancer biology,1,105
2026-03-09,cancer immunotherapy,1,105
2026-03-09,cardiovascular disease,2,105
2026-03-09,cardiovascular medicine,2,105
2026-03-09,cell biology,2,105
2026-03-09,circadian rhythms,1,105
2026-03-09,climate change,3,105
2026-03-09,climate research,1,105
2026-03-09,climate science,1,105
2026-03-09,cluster:ai & women in science,19,105
2026-03-09,cluster:artificial intelligence & vision-language models,2,105
2026-03-09,cluster:cardiovascular disease & stroke prevention,8,105
2026-03-09,cluster:climate change & atmospheric science,11,105
2026-03-09,cluster:hiv & virology,2,105
2026-03-09,cluster:immunology & single-cell genomics,39,105
2026-03-09,cluster:machine learning & virology,14,105
2026-03-09,cluster:materials science & organic chemistry,6,105
2026-03-09,cluster:neuroscience & social behavior,2,105
2026-03-09,cluster:paleontology & fossil record,2,105
2026-03-09,coastal hazards,1,105
2026-03-09,computed tomography,1,105
2026-03-09,conflict,1,105
2026-03-09,conservation,1,105
2026-03-09,conservation biology,1,105
2026-03-09,cortical development,1,105
2026-03-09,cosmology,1,105
2026-03-09,crime prevention,1,105
2026-03-09,crispr,3,105
2026-03-09,cryo-electron microscopy,1,105
2026-03-09,data analysis,1,105
2026-03-09,diagnostics,1,105
2026-03-09,diamond synthesis,1,105
2026-03-09,dietary cues,1,105
2026-03-09,drug development,1,105
2026-03-09,ecology,1,105
2026-03-09,electric vehicles,1,105
2026-03-09,electronic devices,1,105
2026-03-09,enzymology,1,105
2026-03-09,epidemiology,2,105
2026-03-09,epigenetics,5,105
2026-03-09,ethics,2,105
2026-03-09,evolutionary biology,2,105
2026-03-09,ferromagnetism,1,105
2026-03-09,ferroptosis,1,105
2026-03-09,fish evolution,1,105
2026-03-09,fluorescent reporters,1,105
2026-03-09,food safety,1,105
2026-03-09,forensic science,2,105
2026-03-09,fossil record,1,105
2026-03-09,foundation model,2,105
2026-03-09,funding,1,105
2026-03-09,galileo,1,105
2026-03-09,gender bias,1,105
2026-03-09,gender equality,1,105
2026-03-09,gene activation,1,105
2026-03-09,genetic modification,1,105
2026-03-09,genetics,5,105
2026-03-09,genome editing,1,105
2026-03-09,genome variation,1,105
2026-03-09,genomics,4,105
2026-03-09,geopolitics,1,105
2026-03-09,global cooperation,1,105
2026-03-09,global warming,1,105
2026-03-09,governance,1,105
2026-03-09,heart health,1,105
2026-03-09,high-pressure physics,1,105
2026-03-09,history of science,2,105
2026-03-09,hiv,1,105
2026-03-09,hormone therapy,1,105
2026-03-09,humoral immunity,1,105
2026-03-09,hydrology,1,105
2026-03-09,immunology,5,105
2026-03-09,immunotherapy,1,105
2026-03-09,infertility treatment,1,105
2026-03-09,influenza,1,105
2026-03-09,insect biology,1,105
2026-03-09,international women's day,1,105
2026-03-09,ion channels,1,105
2026-03-09,law enforcement,2,105
2026-03-09,left atrial appendage occlusion,1,105
2026-03-09,lipid metabolism,1,105
2026-03-09,liquid biopsies,1,105
2026-03-09,liver disease,1,105
2026-03-09,machine learning,8,105
2026-03-09,magnetic fluid,1,105
2026-03-09,magnetic gel,1,105
2026-03-09,magnetism,2,105
2026-03-09,magnetofluids,1,105
2026-03-09,materials science,4,105
2026-03-09,mathematics,1,105
2026-03-09,mechanotransduction,1,105
2026-03-09,medical procedures,1,105
2026-03-09,medicine,2,105
2026-03-09,menopause,1,105
2026-03-09,mentorship,1,105
2026-03-09,metabolic pathways,1,105
2026-03-09,metabolism,1,105
2026-03-09,metabolomics,2,105
2026-03-09,metallurgy,1,105
2026-03-09,metastasis,1,105
2026-03-09,meteorology,2,105
2026-03-09,mexico,1,105
2026-03-09,microbiology,1,105
2026-03-09,microbiome,1,105
2026-03-09,molecular biology,2,105
2026-03-09,molecular structure,1,105
2026-03-09,mouse models,1,105
2026-03-09,mrna delivery,1,105
2026-03-09,mtor,1,105
2026-03-09,nanoscale domains,1,105
2026-03-09,nanotechnology,3,105
2026-03-09,neural networks,1,105
2026-03-09,neural reprogramming,1,105
2026-03-09,neural substrates,1,105
2026-03-09,neurogenesis,1,105
2026-03-09,neurology,1,105
2026-03-09,neuroscience,2,105
2026-03-09,obesity,1,105
2026-03-09,optical switching,1,105
2026-03-09,optogenetics,1,105
2026-03-09,organ transplantation,1,105
2026-03-09,organic chemistry,1,105
2026-03-09,organoid,2,105
2026-03-09,organoids,4,105
2026-03-09,osteichthyan,1,105
2026-03-09,paleontology,2,105
2026-03-09,pancreatic cells,1,105
2026-03-09,pangenomics,1,105
2026-03-09,parkinson’s disease,1,105
2026-03-09,pathogens,1,105
2026-03-09,perimenopause,1,105
2026-03-09,personal storytelling,1,105
2026-03-09,photonic ising machine,1,105
2026-03-09,pig liver,1,105
2026-03-09,planetary systems,1,105
2026-03-09,plant breeding,1,105
2026-03-09,policy,1,105
2026-03-09,protein degradation,1,105
2026-03-09,protein engineering,1,105
2026-03-09,protein structure,1,105
2026-03-09,public safety,1,105
2026-03-09,pyroptosis,1,105
2026-03-09,quantum computing,1,105
2026-03-09,radiology,1,105
2026-03-09,regulation,1,105
2026-03-09,regulatory policy,1,105
2026-03-09,research conditions,1,105
2026-03-09,retinal development,1,105
2026-03-09,retinal ganglion cells,1,105
2026-03-09,river dynamics,1,105
2026-03-09,rna biology,2,105
2026-03-09,rna-dependent rna polymerase,1,105
2026-03-09,rna-guided transcription,1,105
2026-03-09,rosacea,1,105
2026-03-09,satellite imaging,1,105
2026-03-09,satellite viruses,1,105
2026-03-09,science books,1,105
2026-03-09,science careers,1,105
2026-03-09,science education,1,105
2026-03-09,science images,1,105
2026-03-09,science policy,1,105
2026-03-09,scientific method,1,105
2026-03-09,sea level rise,1,105
2026-03-09,sertoli cells,1,105
2026-03-09,single-cell analysis,1,105
2026-03-09,single-cell genomics,8,105
2026-03-09,skin cells,1,105
2026-03-09,social behavior,1,105
2026-03-09,social sciences,1,105
2026-03-09,sociology,1,105
2026-03-09,soil moisture,2,105
2026-03-09,spintronics,2,105
2026-03-09,star formation,1,105
2026-03-09,stem cell biology,2,105
2026-03-09,stem cells,3,105
2026-03-09,stroke prevention,2,105
2026-03-09,sustainability,2,105
2026-03-09,synchrotron x-ray ct,1,105
2026-03-09,synchrotron x-ray microtomography,2,105
2026-03-09,synthetic biology,1,105
2026-03-09,synthetic peptides,1,105
2026-03-09,t cell function,1,105
2026-03-09,technology,1,105
2026-03-09,telecommunications,1,105
2026-03-09,therapy resistance,1,105
2026-03-09,thermodynamics,1,105
2026-03-09,transcription,1,105
2026-03-09,treatment,1,105
2026-03-09,university governance,1,105
2026-03-09,vascular biology,2,105
2026-03-09,virology,4,105
2026-03-09,virus evolution,1,105
2026-03-09,vision-language models,1,105
2026-03-09,warfare,1,105
2026-03-09,water resources,1,105
2026-03-09,wnt signaling,1,105
2026-03-09,women in science,2,105
2026-03-09,women's health,1,105
